iter	RMSE
0	58.00935263
75	44.69095171
150	41.74076074
225	40.41337837
300	39.50380475
375	38.79614136
450	38.1641983
499	37.81390876
