iter	RMSE
0	57.85040805
75	44.53577248
150	41.67076755
225	40.42276335
300	39.56380947
375	38.91428791
450	38.33026786
499	38.00285377
